issue_category,time_spent_minutes
Account,24.42
Billing,31.38769230769231
Support,33.912727272727274
Technical,42.15692307692307
